id_venda,data_venda,id_produto,id_cliente,canal_venda,quantidade,preco_unitario,custo_unitario,regiao
1,2024-02-21,11,42,Marketplace,2,3766.13,4715.36,Nordeste
2,2024-04-05,12,32,App,1,7550.19,4520.91,Sudeste
3,2024-08-09,12,39,Site,5,2658.17,2784.36,Norte
4,2024-08-18,4,45,Marketplace,2,5323.01,5086.35,Sul
5,2024-08-24,16,46,App,2,5252.66,756.28,Nordeste
6,2024-05-22,4,36,Site,3,2083.53,1591.69,Centro-Oeste
7,2024-06-19,5,40,Site,5,5238.36,4981.62,Sudeste
8,2024-01-29,5,37,Marketplace,1,1777.44,2317.72,Sudeste
9,2024-02-05,8,33,App,2,1063.86,5888.59,Nordeste
10,2024-01-13,10,36,Marketplace,5,5640.93,2840.22,Centro-Oeste
11,2024-06-08,17,3,Marketplace,5,996.18,4768.26,Sudeste
12,2024-11-22,9,9,App,1,7975.58,2461.66,Sul
13,2024-07-05,19,8,App,5,1549.27,2595.72,Sudeste
14,2024-08-30,14,33,App,5,4793.72,2346.67,Centro-Oeste
15,2024-03-26,8,6,Site,5,3349.86,4336.93,Norte
16,2024-10-10,9,41,App,2,1098.45,3321.31,Norte
17,2024-03-06,11,39,Marketplace,1,319.97,5667.17,Nordeste
18,2024-06-18,1,4,App,5,5019.59,1565.27,Centro-Oeste
19,2024-02-14,14,13,Marketplace,5,6473.38,675.33,Sudeste
20,2024-03-02,5,49,App,2,6751.92,2408.11,Sudeste
21,2024-05-13,14,2,App,1,3913.44,3730.94,Norte
22,2024-10-10,4,5,App,3,6241.9,5175.93,Norte
23,2024-01-28,1,44,App,2,5415.49,2129.49,Sul
24,2024-04-17,19,27,Marketplace,1,5821.61,3950.42,Norte
25,2024-02-13,8,32,Site,5,3991.53,2153.18,Sul
26,2024-12-05,15,21,App,1,5103.95,3733.94,Sudeste
27,2024-10-12,15,8,Site,1,6463.65,5318.06,Sul
28,2024-11-26,9,38,Site,1,3243.28,1449.64,Sul
29,2024-05-07,9,8,App,3,6467.23,2473.11,Nordeste
30,2024-12-13,10,50,App,1,4776.93,5960.13,Norte
31,2024-08-18,20,3,Marketplace,3,1410.62,5221.86,Sul
32,2024-07-08,9,44,App,5,295.0,3422.67,Sudeste
33,2024-08-12,3,3,Marketplace,3,2965.75,3138.44,Centro-Oeste
34,2024-10-09,20,22,App,5,4418.9,1764.83,Sul
35,2024-04-30,11,6,App,5,6734.58,3141.88,Norte
36,2024-04-25,6,2,Site,3,1107.14,5101.23,Nordeste
37,2024-08-20,2,23,Site,2,6421.63,4136.23,Sudeste
38,2024-09-15,7,44,Site,4,6917.77,1797.06,Nordeste
39,2024-12-24,18,2,App,1,1290.43,1272.67,Centro-Oeste
40,2024-07-16,2,38,Site,4,6827.6,1650.03,Sul
41,2024-05-16,17,17,Site,1,7932.48,1084.97,Sul
42,2024-11-13,11,35,Site,1,5842.03,646.19,Norte
43,2024-06-13,12,34,Marketplace,5,6299.68,2561.29,Sul
44,2024-08-12,19,23,Site,1,7955.88,750.73,Sudeste
45,2024-11-02,7,30,App,1,4883.3,1097.72,Centro-Oeste
46,2024-08-21,20,8,Site,3,2532.3,3320.16,Nordeste
47,2024-06-20,6,22,App,4,6716.49,1054.43,Centro-Oeste
48,2024-05-31,1,44,Site,3,4954.44,458.17,Sul
49,2024-11-10,17,36,Site,1,4691.44,1958.94,Nordeste
50,2024-06-08,11,5,App,5,2103.72,1384.29,Norte
51,2024-04-05,18,13,Site,3,6075.04,3130.61,Centro-Oeste
52,2024-08-20,17,29,Site,3,745.17,686.01,Nordeste
53,2024-06-28,7,31,Site,2,7401.87,4530.48,Nordeste
54,2024-04-22,17,47,Site,1,2674.01,5444.9,Nordeste
55,2024-11-13,20,16,Site,5,1109.42,4481.14,Sudeste
56,2024-02-21,9,42,Site,3,3594.7,3234.34,Centro-Oeste
57,2024-09-24,17,30,Marketplace,3,435.51,5175.15,Nordeste
58,2024-10-21,20,16,App,5,5508.55,4193.92,Centro-Oeste
59,2024-04-22,8,12,App,1,7231.37,142.46,Nordeste
60,2024-04-10,17,17,Site,2,6714.38,2413.01,Norte
61,2024-04-22,7,16,Marketplace,3,1106.22,5117.64,Norte
62,2024-03-21,1,12,Site,2,1097.54,2127.48,Norte
63,2024-07-05,13,8,Site,4,6526.13,288.47,Sul
64,2024-04-22,19,20,App,1,7401.61,4497.38,Nordeste
65,2024-01-02,19,3,Site,4,3739.29,4828.07,Sul
66,2024-05-09,17,16,Site,4,4041.87,1030.71,Centro-Oeste
67,2024-08-07,13,30,App,4,2614.27,3261.06,Sul
68,2024-02-23,16,45,Marketplace,1,7164.69,1216.38,Centro-Oeste
69,2024-12-08,8,23,App,1,5194.73,4337.87,Centro-Oeste
70,2024-08-11,19,28,Marketplace,5,2377.19,1687.58,Centro-Oeste
71,2024-08-12,18,40,Marketplace,2,2460.38,1951.99,Sul
72,2024-05-05,1,5,Site,2,7140.48,5082.23,Nordeste
73,2024-05-09,14,20,Site,5,207.71,2899.83,Sul
74,2024-02-22,19,40,Site,5,2649.54,4044.95,Nordeste
75,2024-06-20,15,44,App,4,4479.42,2462.05,Nordeste
76,2024-08-05,18,1,App,5,1270.92,1844.2,Centro-Oeste
77,2024-06-08,2,30,Marketplace,3,827.58,3782.83,Sul
78,2024-07-16,17,21,Marketplace,2,6540.68,996.76,Nordeste
79,2024-09-03,18,20,App,5,7165.79,2288.16,Norte
80,2024-11-19,6,6,Site,3,6606.49,1317.5,Nordeste
81,2024-07-21,19,22,Marketplace,3,7200.42,4199.11,Norte
82,2024-07-02,4,18,Marketplace,3,4469.58,5669.72,Sul
83,2024-05-02,1,8,Marketplace,3,6516.84,5973.42,Sul
84,2024-09-11,8,39,Site,4,3133.94,2745.64,Sul
85,2024-10-20,7,32,App,3,5363.52,1574.98,Nordeste
86,2024-10-06,3,33,Site,4,7911.8,2701.55,Sudeste
87,2024-11-20,10,16,Site,4,1883.25,5095.83,Nordeste
88,2024-04-07,10,12,Site,3,3180.21,1299.55,Nordeste
89,2024-07-16,19,38,App,2,3892.37,5716.41,Centro-Oeste
90,2024-08-27,14,34,App,3,1190.32,2103.85,Centro-Oeste
91,2024-05-23,2,14,Site,3,740.21,5915.96,Nordeste
92,2024-04-06,1,36,Site,3,6654.81,5044.56,Norte
93,2024-07-19,18,33,App,2,7816.68,4866.74,Centro-Oeste
94,2024-05-03,7,23,Site,1,3297.33,1962.0,Nordeste
95,2024-07-05,8,50,Site,1,792.43,131.96,Sudeste
96,2024-11-21,1,45,App,4,619.91,2342.23,Norte
97,2024-12-14,3,2,Marketplace,4,7141.41,1866.71,Sul
98,2024-09-15,8,41,Site,2,3764.13,301.39,Nordeste
99,2024-05-27,15,21,Site,5,2628.22,3071.76,Nordeste
100,2024-09-08,5,2,Site,1,3864.04,2465.95,Norte
101,2024-12-11,3,27,Marketplace,4,2614.6,3836.57,Centro-Oeste
102,2024-05-26,19,9,App,1,3963.38,3757.42,Centro-Oeste
103,2024-05-27,1,1,App,2,6890.5,794.82,Centro-Oeste
104,2024-12-17,15,11,Site,2,4779.18,5863.64,Sul
105,2024-07-17,8,3,App,5,5587.76,1186.63,Norte
106,2024-11-03,2,23,Site,5,2980.9,2716.02,Norte
107,2024-05-07,3,26,App,2,5934.2,2969.66,Centro-Oeste
108,2024-02-08,14,4,Marketplace,4,5366.27,4893.33,Centro-Oeste
109,2024-12-03,14,18,App,1,1044.54,667.44,Sudeste
110,2024-12-25,11,6,Marketplace,3,4623.88,2617.57,Sudeste
111,2024-05-08,16,35,Marketplace,5,2128.27,3800.73,Nordeste
112,2024-09-23,4,22,Site,3,6452.36,1353.72,Nordeste
113,2024-05-30,20,43,Marketplace,4,3464.91,3794.61,Norte
114,2024-10-24,5,15,Site,5,7958.0,5548.1,Norte
115,2024-04-08,14,22,App,3,830.75,5985.31,Sul
116,2024-09-19,16,37,Site,4,6264.75,272.11,Sul
117,2024-09-08,18,42,Site,1,5422.24,1474.68,Sudeste
118,2024-05-23,7,12,App,4,6163.24,1917.02,Nordeste
119,2024-12-11,10,47,Site,5,2529.49,2442.83,Sudeste
120,2024-04-21,7,49,App,2,3987.23,1514.16,Sudeste
121,2024-02-29,1,42,App,1,6392.42,1284.65,Nordeste
122,2024-01-02,19,38,Site,3,1937.08,5730.96,Sul
123,2024-10-30,16,18,Site,5,1885.66,5517.65,Nordeste
124,2024-09-10,19,45,App,2,4453.3,358.2,Centro-Oeste
125,2024-05-19,4,35,Site,4,4236.15,2085.77,Centro-Oeste
126,2024-02-06,18,30,Marketplace,2,2329.87,2478.48,Centro-Oeste
127,2024-06-08,2,24,App,5,2454.8,1494.97,Norte
128,2024-01-09,1,42,Marketplace,5,2294.98,3802.93,Sul
129,2024-08-20,15,30,App,2,6194.95,3871.05,Sul
130,2024-04-08,5,14,App,4,5250.02,5114.99,Norte
131,2024-05-26,20,6,App,2,6676.1,4465.95,Sudeste
132,2024-10-30,11,3,Site,5,7806.24,3292.03,Centro-Oeste
133,2024-07-26,10,16,Site,5,3845.9,3949.23,Centro-Oeste
134,2024-05-10,2,7,Marketplace,3,626.88,1702.01,Sudeste
135,2024-05-31,3,14,App,3,479.93,3590.89,Nordeste
136,2024-02-23,12,9,Marketplace,1,2435.75,2976.23,Nordeste
137,2024-04-29,20,15,Marketplace,5,7467.1,869.4,Sul
138,2024-06-09,5,21,Marketplace,3,4233.38,1515.86,Norte
139,2024-04-25,5,35,Marketplace,2,2247.11,1806.83,Sul
140,2024-03-15,6,2,App,4,3253.42,5551.91,Nordeste
141,2024-04-22,9,27,Site,2,4828.9,1443.89,Sudeste
142,2024-04-13,2,2,App,4,5258.3,1792.32,Sul
143,2024-12-05,12,35,Site,3,1315.96,2266.58,Centro-Oeste
144,2024-09-10,3,18,App,1,7818.55,4009.36,Centro-Oeste
145,2024-08-14,20,14,Marketplace,2,4403.7,779.97,Sudeste
146,2024-04-21,12,20,App,2,1171.94,5727.36,Nordeste
147,2024-04-08,17,18,Site,2,7159.72,5204.18,Centro-Oeste
148,2024-06-01,10,10,Site,4,689.64,3497.12,Centro-Oeste
149,2024-12-14,14,25,App,3,7271.11,4070.3,Norte
150,2024-12-31,17,2,Site,2,7972.87,178.63,Sul
151,2024-12-03,18,25,Marketplace,2,5633.41,2086.55,Nordeste
152,2024-07-12,19,33,Site,1,6186.53,4790.31,Sul
153,2024-11-05,17,36,Site,1,2764.69,538.7,Nordeste
154,2024-06-11,14,31,Site,3,7538.46,1751.3,Centro-Oeste
155,2024-07-26,9,14,App,3,4284.74,3544.96,Norte
156,2024-06-17,8,1,App,5,5885.87,1597.97,Sul
157,2024-06-09,2,46,Site,1,7400.45,5609.15,Centro-Oeste
158,2024-03-08,13,16,Site,5,7803.92,855.87,Nordeste
159,2024-10-15,7,46,App,4,6682.31,4800.57,Sul
160,2024-10-03,9,3,Site,5,2493.84,3087.06,Sul
161,2024-10-30,11,35,App,2,7735.73,4521.96,Centro-Oeste
162,2024-05-14,14,41,App,5,5062.14,1919.43,Sul
163,2024-07-13,4,6,Site,3,7452.08,3125.78,Norte
164,2024-05-07,13,25,Site,4,5441.23,5152.47,Norte
165,2024-02-02,2,13,Marketplace,2,2527.19,2843.92,Centro-Oeste
166,2024-06-24,5,34,App,5,3023.19,2209.54,Nordeste
167,2024-01-22,11,8,App,4,4448.73,3254.04,Centro-Oeste
168,2024-08-25,6,21,Site,4,6341.12,4326.79,Norte
169,2024-06-06,18,34,App,2,2612.06,2705.9,Sudeste
170,2024-02-07,10,4,Site,5,4679.88,5638.15,Sudeste
171,2024-08-17,4,25,App,4,2830.44,1826.08,Sul
172,2024-12-30,9,15,Marketplace,4,6544.58,2894.74,Sul
173,2024-02-20,6,4,Site,1,3787.15,4561.01,Sudeste
174,2024-09-20,2,45,Site,4,706.11,4159.6,Norte
175,2024-10-09,17,12,Site,1,1411.81,5192.76,Sul
176,2024-01-27,5,32,Site,5,582.73,5981.11,Centro-Oeste
177,2024-08-13,6,32,Site,5,4044.49,2607.0,Centro-Oeste
178,2024-10-03,12,28,Site,5,940.06,738.01,Norte
179,2024-10-12,10,13,Marketplace,3,1001.71,260.06,Sul
180,2024-04-06,6,31,App,5,7534.28,4383.11,Centro-Oeste
181,2024-10-10,8,14,Site,4,6993.98,5254.16,Sul
182,2024-11-12,2,20,Marketplace,2,3671.48,1386.62,Sul
183,2024-10-30,12,18,Site,1,7887.86,1018.01,Centro-Oeste
184,2024-05-26,13,29,Marketplace,3,101.47,448.25,Sudeste
185,2024-01-04,7,6,Site,5,4950.44,4950.4,Centro-Oeste
186,2024-02-04,10,32,Marketplace,5,4969.78,1923.38,Norte
187,2024-07-10,13,29,App,2,3713.8,2458.05,Nordeste
188,2024-02-18,17,43,Marketplace,2,3235.89,3056.28,Centro-Oeste
189,2024-01-17,14,2,Marketplace,3,3697.53,5049.56,Sul
190,2024-06-20,2,23,Site,1,3378.19,3932.93,Sul
191,2024-08-07,11,19,Marketplace,5,5870.89,3721.18,Centro-Oeste
192,2024-06-06,1,31,Site,3,1169.31,1119.98,Nordeste
193,2024-02-15,19,5,Site,4,1661.35,3118.08,Centro-Oeste
194,2024-01-06,4,19,Site,4,1526.09,4315.06,Nordeste
195,2024-04-08,19,34,App,3,2173.52,5841.7,Nordeste
196,2024-08-20,11,10,Site,5,4249.54,1272.33,Norte
197,2024-02-06,8,25,App,3,978.55,136.5,Sul
198,2024-10-06,11,2,App,5,6958.54,525.78,Sul
199,2024-12-14,4,11,Marketplace,2,2449.16,2305.05,Nordeste
200,2024-10-28,17,50,Marketplace,3,1384.05,4937.62,Sul
201,2024-06-29,7,31,App,5,5437.41,122.28,Sudeste
202,2024-04-04,8,15,Site,3,400.88,2783.85,Nordeste
203,2024-04-08,3,9,Site,3,4997.75,2029.05,Sul
204,2024-07-06,2,23,Site,5,5615.77,390.69,Sudeste
205,2024-04-25,15,19,Site,5,1797.84,2745.4,Norte
206,2024-07-09,5,9,Site,1,431.52,1588.11,Sul
207,2024-09-09,1,35,Site,3,2972.8,2163.16,Sudeste
208,2024-06-09,4,21,Marketplace,4,878.89,4257.24,Centro-Oeste
209,2024-09-12,15,9,App,3,1020.18,3167.58,Centro-Oeste
210,2024-11-18,20,28,Site,3,2108.66,817.91,Sudeste
211,2024-05-07,19,46,App,5,2434.2,5771.57,Nordeste
212,2024-01-18,3,7,Site,3,4286.77,3844.59,Nordeste
213,2024-10-07,20,16,App,3,5459.3,4613.94,Sul
214,2024-08-10,11,16,App,4,4782.89,548.94,Centro-Oeste
215,2024-02-23,17,33,App,5,1272.05,358.59,Nordeste
216,2024-02-27,13,4,App,3,1459.48,195.13,Nordeste
217,2024-11-18,11,4,Marketplace,2,7042.28,1197.66,Centro-Oeste
218,2024-12-25,2,39,Marketplace,1,4510.98,2533.3,Norte
219,2024-06-22,9,40,App,4,6972.51,5620.09,Nordeste
220,2024-10-06,2,17,App,3,3035.22,2785.79,Sudeste
221,2024-04-23,9,37,App,2,4953.76,1798.31,Sul
222,2024-10-14,9,39,Site,3,4236.94,3406.66,Nordeste
223,2024-12-07,8,29,Site,3,2621.08,742.65,Nordeste
224,2024-05-30,17,36,Site,5,3812.33,3688.27,Norte
225,2024-05-06,1,38,App,5,4069.68,3445.12,Sudeste
226,2024-06-03,11,39,App,5,1686.09,4768.6,Sul
227,2024-09-29,8,50,Site,2,2588.58,5921.19,Nordeste
228,2024-04-13,10,37,Marketplace,3,6352.14,1565.17,Sul
229,2024-10-25,7,35,Marketplace,1,7334.73,3097.17,Centro-Oeste
230,2024-09-02,3,7,Marketplace,4,2942.37,5460.48,Nordeste
231,2024-06-24,3,27,App,5,2525.08,4728.32,Nordeste
232,2024-02-08,18,28,Marketplace,5,1642.06,2965.45,Centro-Oeste
233,2024-06-18,5,22,Site,3,5460.08,5676.6,Norte
234,2024-09-03,12,14,Marketplace,3,2652.49,418.84,Nordeste
235,2024-01-26,12,7,Site,2,7903.22,5591.51,Sul
236,2024-12-20,19,37,Marketplace,2,2672.91,379.0,Sudeste
237,2024-11-01,6,22,Site,5,3213.67,3320.04,Sul
238,2024-01-13,2,5,Marketplace,3,4866.34,5351.41,Norte
239,2024-11-11,12,2,Marketplace,1,6433.31,1635.31,Sudeste
240,2024-11-08,19,27,Site,4,3809.2,2875.71,Sul
241,2024-02-05,5,21,App,3,3438.98,2000.03,Sul
242,2024-06-21,12,38,Marketplace,3,7965.54,5716.69,Centro-Oeste
243,2024-01-20,17,15,App,2,182.9,4955.98,Norte
244,2024-11-16,17,21,Marketplace,4,7171.02,4277.29,Centro-Oeste
245,2024-09-20,10,10,App,5,1278.21,3558.75,Sudeste
246,2024-05-21,17,23,Site,3,6308.81,4937.9,Centro-Oeste
247,2024-05-22,15,39,Site,5,4981.66,2402.22,Norte
248,2024-04-01,12,5,Site,3,2800.59,2729.51,Nordeste
249,2024-12-19,16,1,Marketplace,5,7003.61,4401.61,Nordeste
250,2024-11-17,19,13,Site,4,201.97,2197.91,Sudeste
251,2024-10-14,8,21,App,2,1890.86,458.29,Nordeste
252,2024-08-02,17,26,App,4,4578.45,520.06,Centro-Oeste
253,2024-12-07,5,50,App,1,2877.18,762.95,Sudeste
254,2024-02-20,16,45,Marketplace,2,4921.98,5228.51,Norte
255,2024-06-01,6,21,Marketplace,4,290.47,2875.58,Sudeste
256,2024-07-04,8,18,App,1,1020.03,4300.26,Sudeste
257,2024-03-03,18,37,Marketplace,3,1104.06,2406.02,Sul
258,2024-07-08,12,45,Marketplace,3,1595.34,1611.57,Sul
259,2024-05-04,15,32,App,5,3728.72,2135.38,Sudeste
260,2024-05-29,9,36,Marketplace,2,6041.82,4781.56,Nordeste
261,2024-11-09,13,17,Site,3,7253.76,3781.28,Sul
262,2024-02-27,15,35,Site,2,6699.44,5630.83,Norte
263,2024-12-07,10,49,Marketplace,3,1655.41,4103.85,Centro-Oeste
264,2024-10-31,16,11,App,5,3585.09,3455.48,Sul
265,2024-06-28,7,21,Marketplace,4,1675.35,3692.36,Sudeste
266,2024-06-18,17,26,Marketplace,5,2189.33,5658.84,Nordeste
267,2024-11-21,7,4,Site,1,4078.02,4746.15,Centro-Oeste
268,2024-09-27,14,34,Marketplace,3,638.06,222.32,Sul
269,2024-02-23,15,48,App,1,1823.58,3242.11,Nordeste
270,2024-04-10,7,18,App,1,7489.49,4154.96,Nordeste
271,2024-09-20,9,40,App,2,3782.32,4512.29,Nordeste
272,2024-02-22,19,35,Marketplace,3,3618.55,1341.8,Sudeste
273,2024-02-29,16,41,Site,1,215.08,5213.69,Norte
274,2024-04-17,8,29,App,4,2054.46,5738.59,Nordeste
275,2024-01-05,18,29,App,1,6943.71,1481.35,Centro-Oeste
276,2024-04-12,18,38,Marketplace,4,1400.56,5305.08,Sul
277,2024-07-14,20,42,App,2,3379.49,654.11,Centro-Oeste
278,2024-09-18,7,21,Site,1,213.21,409.78,Sudeste
279,2024-12-30,3,42,Site,5,3878.85,845.0,Sudeste
280,2024-12-15,18,13,Site,2,266.07,421.83,Centro-Oeste
281,2024-02-16,10,49,Marketplace,4,6574.92,5082.47,Norte
282,2024-12-20,7,41,Site,2,6616.34,429.58,Sudeste
283,2024-11-06,17,17,Site,1,6323.16,1688.25,Sudeste
284,2024-11-03,14,9,Marketplace,3,2338.58,694.24,Centro-Oeste
285,2024-05-23,3,41,Site,3,6714.17,1828.9,Sudeste
286,2024-09-25,12,1,Marketplace,4,4389.69,616.11,Norte
287,2024-05-03,13,2,App,4,3053.08,4034.58,Norte
288,2024-04-15,2,48,Marketplace,3,5040.11,869.29,Norte
289,2024-06-06,3,29,Site,4,197.49,5122.93,Sul
290,2024-05-26,5,33,Site,2,1229.39,4917.77,Norte
291,2024-05-24,11,10,Marketplace,5,5964.12,160.88,Norte
292,2024-04-29,8,50,Marketplace,5,2028.88,5382.7,Sul
293,2024-11-14,12,40,Marketplace,2,4824.27,251.35,Nordeste
294,2024-10-01,7,21,Site,5,3142.31,1498.7,Sudeste
295,2024-04-01,15,28,Marketplace,1,6852.97,271.74,Norte
296,2024-02-27,17,11,Marketplace,2,7624.08,2068.19,Sudeste
297,2024-12-11,4,34,App,4,7080.16,3122.09,Centro-Oeste
298,2024-08-16,13,8,Marketplace,2,2237.9,4796.14,Sudeste
299,2024-04-26,18,22,Marketplace,3,1633.89,2080.85,Sul
300,2024-11-13,1,8,App,4,3848.04,4256.5,Sudeste
301,2024-10-05,16,49,Site,3,157.94,1190.03,Sudeste
302,2024-05-06,13,15,App,4,303.89,4523.54,Sudeste
303,2024-05-08,10,17,Site,5,4471.0,1477.1,Nordeste
304,2024-02-27,12,23,App,2,4211.55,929.78,Nordeste
305,2024-05-01,2,24,App,1,7957.2,1177.62,Centro-Oeste
306,2024-01-01,3,45,Site,4,1694.55,1157.81,Sul
307,2024-08-26,10,19,Site,4,2139.02,3116.15,Sudeste
308,2024-10-16,2,5,Site,3,996.97,5081.2,Sudeste
309,2024-04-05,13,32,Marketplace,5,7348.59,551.26,Sudeste
310,2024-05-05,13,44,Marketplace,3,6244.71,4265.18,Sudeste
311,2024-04-27,18,1,Site,3,6596.48,3953.73,Nordeste
312,2024-02-17,3,23,Marketplace,5,7231.83,5245.32,Centro-Oeste
313,2024-03-29,7,37,App,1,4246.71,1525.35,Norte
314,2024-08-24,14,8,Site,3,3664.43,2744.65,Sul
315,2024-09-28,20,13,Site,3,2710.09,5560.9,Sudeste
316,2024-07-07,17,8,App,4,4754.8,3987.16,Centro-Oeste
317,2024-07-10,12,23,Marketplace,5,3688.8,2381.51,Norte
318,2024-03-09,16,43,Marketplace,2,3667.37,857.96,Centro-Oeste
319,2024-10-04,12,1,Site,1,7501.73,1633.91,Nordeste
320,2024-12-14,15,45,Site,1,7873.85,3520.8,Norte
321,2024-09-03,10,24,App,5,6392.23,4331.55,Centro-Oeste
322,2024-03-16,7,35,Site,4,6078.39,816.58,Nordeste
323,2024-06-02,20,24,Site,4,5476.41,3629.62,Centro-Oeste
324,2024-05-23,5,17,Site,5,1411.99,3338.08,Centro-Oeste
325,2024-03-26,1,5,Marketplace,4,566.94,3122.62,Norte
326,2024-07-03,17,20,Marketplace,1,5556.74,4165.53,Nordeste
327,2024-10-11,3,21,App,1,5857.41,5037.7,Sudeste
328,2024-08-07,13,40,Marketplace,2,471.09,1992.1,Sul
329,2024-03-09,14,31,Site,5,7431.61,5342.95,Norte
330,2024-02-16,18,46,App,3,820.01,1030.95,Nordeste
331,2024-04-03,4,36,Site,3,2358.61,1104.3,Centro-Oeste
332,2024-08-25,18,11,App,2,5411.88,1659.29,Nordeste
333,2024-07-22,5,15,Marketplace,2,1441.99,787.62,Sul
334,2024-08-05,16,19,App,4,537.79,1443.49,Sul
335,2024-12-06,1,7,Site,2,2716.06,709.96,Sudeste
336,2024-02-08,14,28,App,2,6151.18,4944.77,Sudeste
337,2024-04-09,15,43,Site,3,3368.06,902.7,Sul
338,2024-10-15,9,5,Marketplace,4,5258.49,4504.0,Norte
339,2024-09-10,15,5,App,2,4678.99,363.65,Norte
340,2024-08-09,17,30,App,2,275.53,5695.24,Centro-Oeste
341,2024-12-22,4,32,App,4,7909.47,4290.07,Sudeste
342,2024-01-23,12,8,App,5,427.28,120.24,Centro-Oeste
343,2024-09-06,5,10,Site,4,7745.64,4602.03,Sudeste
344,2024-01-10,5,38,App,3,4443.93,3123.36,Sul
345,2024-09-02,11,47,Site,5,7708.96,4693.84,Norte
346,2024-11-20,6,32,Marketplace,1,1006.55,3173.18,Norte
347,2024-04-09,7,48,Marketplace,4,3974.23,3874.87,Sul
348,2024-10-16,14,28,Marketplace,3,1439.08,4735.08,Centro-Oeste
349,2024-06-28,11,17,App,5,502.7,2478.24,Centro-Oeste
350,2024-08-10,13,31,App,4,4978.48,96.03,Nordeste
351,2024-09-06,2,8,Site,2,1741.49,5111.68,Sudeste
352,2024-05-26,7,40,Marketplace,4,4742.81,2334.87,Centro-Oeste
353,2024-04-05,20,25,Site,1,987.68,3016.57,Sul
354,2024-09-13,4,9,App,4,2722.69,125.98,Centro-Oeste
355,2024-11-20,8,2,Site,5,6274.9,2993.18,Norte
356,2024-01-04,20,15,Site,5,3552.71,5920.01,Sudeste
357,2024-01-16,19,50,App,4,5059.19,1727.34,Nordeste
358,2024-10-06,13,3,Site,5,5214.92,2420.88,Sudeste
359,2024-12-01,14,49,Marketplace,2,6765.66,4148.16,Norte
360,2024-09-03,10,36,Site,4,2666.89,4903.58,Norte
361,2024-09-14,11,4,Site,2,5529.63,2550.96,Norte
362,2024-06-08,2,14,App,2,7696.76,1913.24,Norte
363,2024-12-05,9,41,Site,3,5868.92,5631.93,Sul
364,2024-05-31,17,41,Site,4,3969.98,4088.7,Nordeste
365,2024-06-26,3,25,Marketplace,5,5082.67,784.61,Norte
366,2024-06-11,6,50,Site,2,5943.49,488.05,Norte
367,2024-02-02,5,10,Marketplace,3,4936.98,2942.62,Centro-Oeste
368,2024-06-27,5,21,Site,4,231.74,1382.93,Nordeste
369,2024-04-10,15,36,Site,4,1638.71,1583.59,Sudeste
370,2024-09-24,17,12,Marketplace,1,6502.7,5275.94,Nordeste
371,2024-11-18,9,27,Site,1,2253.94,610.23,Nordeste
372,2024-03-05,3,40,Site,2,5879.34,4314.96,Nordeste
373,2024-06-16,20,2,Site,1,3039.75,1685.16,Norte
374,2024-11-25,17,13,Site,2,4222.89,4581.14,Norte
375,2024-02-12,10,32,Marketplace,5,636.99,4356.68,Sul
376,2024-02-13,3,31,Site,2,1531.68,123.76,Sudeste
377,2024-10-11,18,16,Marketplace,1,7661.86,3094.08,Centro-Oeste
378,2024-01-12,18,32,Marketplace,5,7132.09,904.77,Nordeste
379,2024-04-04,17,32,App,1,5252.97,5208.06,Sudeste
380,2024-10-28,3,34,Marketplace,2,3731.19,5239.79,Sudeste
381,2024-09-09,3,11,Site,3,5438.51,2556.61,Sul
382,2024-08-29,6,10,Marketplace,4,4987.02,2710.82,Centro-Oeste
383,2024-02-04,13,15,Site,1,4591.56,1875.44,Nordeste
384,2024-08-02,15,17,App,2,567.5,4322.31,Centro-Oeste
385,2024-12-02,9,40,App,5,5099.14,2203.28,Sul
386,2024-03-30,4,18,Site,1,6174.47,1665.33,Norte
387,2024-09-20,14,9,App,1,7953.25,2638.81,Sudeste
388,2024-04-02,5,25,Marketplace,4,187.52,621.61,Nordeste
389,2024-03-30,2,40,Site,2,5868.37,4499.89,Norte
390,2024-04-24,11,14,Site,3,4617.14,154.57,Sul
391,2024-04-14,9,25,Marketplace,5,3529.01,3895.35,Centro-Oeste
392,2024-07-14,3,50,App,2,1107.8,1162.56,Sudeste
393,2024-11-09,9,22,Marketplace,5,3331.77,1455.83,Nordeste
394,2024-04-23,3,30,Marketplace,1,2899.58,3842.94,Norte
395,2024-03-15,2,20,Marketplace,4,2492.36,5958.23,Norte
396,2024-08-04,12,21,Marketplace,4,5873.95,4684.09,Sudeste
397,2024-10-03,10,44,Site,3,5635.73,1416.97,Centro-Oeste
398,2024-09-05,9,32,Site,4,4753.26,1122.07,Sul
399,2024-06-12,15,46,Marketplace,1,7515.45,5208.1,Centro-Oeste
400,2024-12-22,8,49,App,3,2863.85,2709.57,Centro-Oeste
401,2024-07-10,5,21,Site,2,2026.04,891.35,Centro-Oeste
402,2024-08-14,11,35,Site,4,5281.64,5184.29,Sudeste
403,2024-06-25,2,32,Marketplace,3,1670.63,4911.27,Sudeste
404,2024-04-08,15,30,App,1,2588.58,5904.73,Sul
405,2024-02-05,6,39,App,5,1874.36,5465.68,Centro-Oeste
406,2024-04-05,8,49,App,5,646.31,5122.6,Sudeste
407,2024-05-31,5,12,Site,1,6637.24,391.24,Sul
408,2024-05-30,16,41,Site,1,2110.87,698.14,Sul
409,2024-07-08,18,47,Site,5,3836.92,3448.38,Centro-Oeste
410,2024-08-11,6,18,Site,3,442.19,3226.36,Nordeste
411,2024-02-06,5,21,Marketplace,5,5624.78,2791.14,Centro-Oeste
412,2024-09-24,16,13,App,1,2711.43,2428.99,Nordeste
413,2024-07-01,13,21,Marketplace,4,5983.42,2632.77,Sul
414,2024-01-13,5,8,Marketplace,2,3357.98,3450.24,Sudeste
415,2024-10-05,13,46,Site,4,1646.47,92.29,Norte
416,2024-08-04,17,40,App,4,4154.08,1623.4,Sul
417,2024-12-20,18,46,App,1,1130.99,3148.22,Sudeste
418,2024-12-26,8,7,Marketplace,5,3580.26,4355.52,Sul
419,2024-10-12,13,23,Site,3,2606.71,1111.01,Centro-Oeste
420,2024-09-29,19,44,App,4,7304.48,3317.54,Nordeste
421,2024-03-02,3,32,App,5,581.34,4309.6,Sul
422,2024-03-24,8,11,Site,3,5582.74,2712.2,Sudeste
423,2024-08-04,2,22,Site,4,1543.73,240.32,Centro-Oeste
424,2024-12-07,8,22,App,3,2620.46,2739.67,Norte
425,2024-07-05,13,43,Marketplace,5,3382.56,1834.95,Centro-Oeste
426,2024-01-19,13,25,Site,2,7273.32,5583.53,Nordeste
427,2024-06-25,1,22,App,5,2016.37,817.71,Centro-Oeste
428,2024-04-09,6,28,Site,1,821.34,3942.66,Norte
429,2024-08-20,19,29,Marketplace,3,2617.65,392.1,Sudeste
430,2024-03-16,16,13,Site,2,926.94,2721.33,Sul
431,2024-09-21,8,18,Marketplace,3,1115.91,3359.56,Nordeste
432,2024-10-10,1,2,Site,3,4633.42,1843.89,Norte
433,2024-07-24,16,29,Site,4,581.13,2774.05,Nordeste
434,2024-08-10,9,21,Site,1,344.35,1048.24,Centro-Oeste
435,2024-02-21,13,15,Site,3,5743.87,1880.41,Nordeste
436,2024-12-04,11,27,App,5,2957.01,3756.95,Norte
437,2024-05-23,13,50,Site,5,1090.47,1866.66,Sul
438,2024-03-09,10,31,Marketplace,4,2103.54,5406.48,Sul
439,2024-04-08,4,15,Site,1,5172.48,3800.17,Nordeste
440,2024-01-25,6,23,Site,1,2276.74,2676.8,Sudeste
441,2024-02-22,7,24,Site,5,4006.72,309.44,Nordeste
442,2024-05-30,5,44,Site,2,1061.39,3037.33,Centro-Oeste
443,2024-05-23,11,13,Site,4,4745.94,4607.48,Sul
444,2024-02-26,13,22,App,4,2597.01,1652.1,Sul
445,2024-02-08,19,43,App,5,5053.05,4856.1,Sul
446,2024-04-18,10,37,App,5,6486.32,1570.7,Sudeste
447,2024-06-29,10,33,App,2,4932.01,4956.58,Sudeste
448,2024-02-11,11,3,App,2,2436.41,584.79,Norte
449,2024-07-04,7,19,Site,1,2120.38,5207.81,Nordeste
450,2024-08-10,18,23,App,4,2686.63,3035.18,Nordeste
451,2024-05-01,4,29,Marketplace,4,1400.5,1835.5,Centro-Oeste
452,2024-05-12,2,30,App,5,1531.26,1649.47,Sul
453,2024-06-11,14,39,App,1,6346.46,2637.5,Sudeste
454,2024-08-02,13,44,Site,4,3139.39,5994.37,Centro-Oeste
455,2024-08-08,12,47,Marketplace,1,3544.36,1384.34,Centro-Oeste
456,2024-08-22,7,25,Marketplace,1,4792.99,691.04,Sudeste
457,2024-11-26,2,37,App,5,4758.26,3543.41,Nordeste
458,2024-05-25,13,47,Marketplace,1,632.28,2972.17,Sul
459,2024-08-26,14,8,Site,2,6669.17,3183.24,Nordeste
460,2024-03-16,17,42,Site,2,1500.88,4028.26,Centro-Oeste
461,2024-01-09,9,16,Marketplace,3,5812.27,1661.49,Sul
462,2024-03-14,17,8,Marketplace,5,6204.1,5471.14,Norte
463,2024-09-09,8,1,Site,3,5747.71,2659.18,Centro-Oeste
464,2024-08-17,2,44,Site,2,4673.92,844.19,Nordeste
465,2024-01-07,13,5,Site,3,215.41,4474.41,Nordeste
466,2024-06-22,3,3,Site,5,2946.97,3887.18,Nordeste
467,2024-05-20,16,1,Marketplace,5,4878.23,1949.2,Sudeste
468,2024-06-16,6,4,App,1,3160.87,3759.39,Centro-Oeste
469,2024-06-18,19,40,Site,4,6921.49,1381.58,Sul
470,2024-10-09,7,35,Site,1,2539.54,2713.45,Nordeste
471,2024-05-01,10,32,Site,5,2418.92,5404.52,Nordeste
472,2024-07-12,9,42,Site,2,2201.38,870.52,Sudeste
473,2024-01-05,2,34,App,2,2728.97,2369.24,Sul
474,2024-01-29,15,43,Marketplace,1,4503.5,4941.16,Centro-Oeste
475,2024-06-13,5,25,Marketplace,5,5685.42,5819.39,Norte
476,2024-12-04,4,10,Site,2,5334.29,2767.24,Sudeste
477,2024-05-15,20,21,Marketplace,5,6480.97,3081.44,Centro-Oeste
478,2024-12-30,4,46,Marketplace,2,7098.72,3467.26,Norte
479,2024-11-16,18,39,Marketplace,5,6547.02,5599.5,Nordeste
480,2024-12-07,4,27,App,3,249.67,5160.58,Nordeste
481,2024-05-24,17,27,Site,5,5913.75,1089.96,Sul
482,2024-11-22,12,2,Site,5,1746.36,2665.61,Norte
483,2024-08-04,17,41,Site,1,1150.13,2826.88,Nordeste
484,2024-10-27,10,48,Site,3,5144.06,4751.45,Nordeste
485,2024-05-11,1,13,Site,4,2625.97,3649.13,Sul
486,2024-10-18,18,9,App,1,551.23,3952.99,Centro-Oeste
487,2024-03-10,18,36,Marketplace,4,1187.27,5989.34,Nordeste
488,2024-09-08,14,22,App,2,107.34,523.76,Sudeste
489,2024-10-01,15,42,Site,4,7235.47,1400.22,Sudeste
490,2024-12-29,12,26,Marketplace,5,294.48,2494.74,Centro-Oeste
491,2024-06-30,4,12,Marketplace,4,1754.7,2138.87,Norte
492,2024-06-15,3,17,Marketplace,1,3388.48,208.14,Sul
493,2024-03-31,20,14,Marketplace,1,2916.91,623.32,Sudeste
494,2024-07-20,12,14,App,4,7302.63,4111.24,Sudeste
495,2024-12-11,7,34,Marketplace,1,418.28,5285.6,Centro-Oeste
496,2024-01-19,11,20,Site,1,4146.5,3124.22,Norte
497,2024-02-08,1,11,Site,4,5475.79,3272.01,Norte
498,2024-05-05,6,16,Site,3,7460.41,1590.15,Centro-Oeste
499,2024-06-21,15,31,Site,3,5000.93,4625.83,Sudeste
500,2024-05-20,15,6,Site,2,6449.67,4530.62,Sul
501,2024-08-29,19,19,App,1,761.43,3563.12,Sudeste
502,2024-08-07,11,37,Marketplace,4,3148.92,1338.97,Norte
503,2024-05-05,2,4,App,1,3054.18,654.35,Sudeste
504,2024-02-27,14,47,Site,5,7101.68,460.29,Sul
505,2024-05-27,2,4,Marketplace,1,1295.83,3588.76,Nordeste
506,2024-11-12,4,20,App,1,1299.9,4964.21,Sudeste
507,2024-12-26,17,10,Site,3,2695.61,5161.32,Centro-Oeste
508,2024-01-01,3,24,App,4,530.28,2824.64,Nordeste
509,2024-12-13,13,35,Site,1,1541.42,4722.89,Centro-Oeste
510,2024-07-08,9,26,Site,3,7725.16,5685.53,Centro-Oeste
511,2024-07-09,7,37,Marketplace,2,3482.65,1709.01,Centro-Oeste
512,2024-11-07,15,38,Site,3,5092.95,2435.93,Sudeste
513,2024-04-26,11,21,App,3,5836.28,5594.36,Norte
514,2024-05-13,20,40,Marketplace,3,2999.0,2082.33,Nordeste
515,2024-02-27,2,39,Marketplace,1,1263.09,5490.15,Sul
516,2024-02-13,15,21,Site,1,1731.99,5887.79,Norte
517,2024-06-21,14,10,Site,2,2574.81,3997.92,Sudeste
518,2024-06-08,20,38,Site,5,5124.94,4915.99,Centro-Oeste
519,2024-06-21,11,46,App,5,3246.42,4517.31,Sul
520,2024-11-12,3,4,App,5,153.84,4221.24,Nordeste
521,2024-10-29,17,45,Site,2,4234.92,1897.03,Norte
522,2024-05-28,12,20,Marketplace,5,7379.96,418.0,Norte
523,2024-03-20,15,17,App,5,6515.41,2110.87,Sul
524,2024-07-31,16,7,Site,3,6619.17,4028.26,Sudeste
525,2024-07-21,5,4,App,1,6380.96,686.97,Nordeste
526,2024-09-08,20,29,App,1,2657.47,150.55,Sul
527,2024-08-16,6,14,Site,3,6145.03,906.98,Centro-Oeste
528,2024-06-12,19,3,Site,3,1230.97,4317.16,Nordeste
529,2024-08-14,5,24,Marketplace,3,5295.96,5838.94,Norte
530,2024-05-26,3,37,App,1,5168.39,5899.74,Sul
531,2024-01-20,1,16,App,5,302.0,3004.36,Norte
532,2024-02-16,6,4,App,3,6324.96,5226.57,Norte
533,2024-08-20,15,24,Site,2,7235.66,4442.01,Norte
534,2024-10-31,2,34,Site,3,2212.58,3046.16,Sudeste
535,2024-01-14,3,30,App,4,6517.89,3470.74,Norte
536,2024-05-22,17,18,Site,3,751.01,892.38,Centro-Oeste
537,2024-01-01,12,19,Site,1,4839.75,5630.96,Centro-Oeste
538,2024-02-23,18,31,Marketplace,3,3936.61,2163.42,Nordeste
539,2024-09-15,15,19,Marketplace,4,4412.8,2721.2,Norte
540,2024-05-23,12,49,Marketplace,2,7417.02,4056.23,Norte
541,2024-01-12,16,46,Marketplace,5,6983.39,2056.7,Sul
542,2024-11-25,8,19,Site,3,6302.16,1585.21,Sudeste
543,2024-08-11,14,22,Marketplace,4,2262.22,3815.81,Nordeste
544,2024-09-28,17,24,Site,4,7303.37,227.91,Norte
545,2024-12-23,8,45,Marketplace,2,870.31,4346.69,Sul
546,2024-06-04,15,12,Marketplace,1,6841.3,3123.02,Sudeste
547,2024-01-08,14,30,Marketplace,3,2692.46,3666.06,Nordeste
548,2024-05-01,18,38,Marketplace,4,524.8,3820.73,Nordeste
549,2024-12-13,20,31,App,2,5387.92,3200.14,Norte
550,2024-06-12,7,36,Site,5,1927.11,3528.6,Nordeste
551,2024-03-30,3,19,App,4,2024.21,4128.03,Sul
552,2024-05-15,12,48,App,2,2517.77,4538.46,Nordeste
553,2024-07-04,3,45,Site,1,603.11,4386.52,Centro-Oeste
554,2024-11-11,20,36,App,1,1499.3,5228.13,Sul
555,2024-06-26,14,30,Marketplace,4,140.6,1201.51,Sudeste
556,2024-01-28,15,49,Site,4,3618.74,2454.8,Sudeste
557,2024-08-07,14,33,Marketplace,3,765.62,5690.95,Norte
558,2024-12-22,7,18,Marketplace,2,5492.96,2427.82,Norte
559,2024-02-10,17,49,Marketplace,4,1961.42,819.23,Centro-Oeste
560,2024-08-15,12,28,Marketplace,3,7554.24,3190.64,Sudeste
561,2024-07-10,20,47,App,3,6982.89,728.19,Sudeste
562,2024-05-24,4,11,Marketplace,4,2386.58,1280.89,Sudeste
563,2024-07-19,9,45,Marketplace,1,6287.4,5990.05,Sudeste
564,2024-07-30,6,33,Site,2,6445.63,3284.87,Nordeste
565,2024-08-07,16,17,App,2,7893.85,1761.63,Sul
566,2024-08-27,2,6,Marketplace,1,4822.94,5969.07,Sul
567,2024-02-15,8,4,Site,4,747.53,5802.03,Centro-Oeste
568,2024-02-04,11,20,App,2,5210.01,2689.18,Nordeste
569,2024-09-09,13,48,App,4,5037.34,1621.59,Sudeste
570,2024-03-22,17,47,Site,4,5142.97,5043.33,Sudeste
571,2024-09-12,8,27,App,3,2526.45,4316.47,Norte
572,2024-07-15,18,15,Marketplace,1,6891.47,4146.69,Norte
573,2024-10-29,18,6,App,4,7679.83,5367.23,Centro-Oeste
574,2024-01-10,14,47,Site,5,1819.93,4161.35,Sudeste
575,2024-11-07,15,14,Site,1,796.4,1760.08,Centro-Oeste
576,2024-10-12,6,11,Site,2,1636.83,4187.67,Nordeste
577,2024-08-29,11,39,Marketplace,3,6582.36,1890.42,Sul
578,2024-09-07,13,9,Site,2,5445.49,4574.69,Sudeste
579,2024-12-30,1,26,App,2,5124.77,3748.91,Nordeste
580,2024-01-05,6,16,Site,1,3274.17,538.28,Sudeste
581,2024-04-28,9,5,Site,2,4664.84,3115.99,Norte
582,2024-10-15,8,10,Marketplace,4,2532.21,2112.34,Centro-Oeste
583,2024-03-05,11,50,Marketplace,2,3869.88,2025.14,Norte
584,2024-05-25,19,3,Site,3,6365.2,3645.36,Sul
585,2024-08-11,9,13,App,3,7851.81,1988.16,Norte
586,2024-08-26,17,43,Site,5,7466.66,4679.21,Sudeste
587,2024-06-25,12,49,App,3,7477.54,499.09,Norte
588,2024-09-23,14,30,App,2,3277.57,3989.5,Sudeste
589,2024-12-06,15,45,Site,3,3803.44,4870.43,Sul
590,2024-10-08,16,6,Site,1,5674.52,4063.16,Norte
591,2024-03-03,20,17,Site,3,7385.32,3023.6,Centro-Oeste
592,2024-08-04,1,45,Marketplace,4,1221.75,5705.82,Centro-Oeste
593,2024-12-07,10,19,Marketplace,1,2503.51,1855.64,Centro-Oeste
594,2024-11-10,8,42,Site,5,1200.05,193.47,Norte
595,2024-10-09,18,35,Marketplace,4,4934.87,2637.38,Norte
596,2024-06-25,1,46,Site,2,2519.78,275.43,Norte
597,2024-04-07,2,26,Site,2,2676.25,5727.31,Sudeste
598,2024-04-14,1,5,Marketplace,2,660.24,1322.71,Sul
599,2024-04-08,1,29,Marketplace,4,2863.39,4750.45,Centro-Oeste
600,2024-11-06,9,37,Marketplace,4,6913.72,4665.47,Sudeste
601,2024-01-06,13,20,App,4,1941.28,1368.96,Centro-Oeste
602,2024-07-15,1,49,Site,1,5591.98,3757.66,Sudeste
603,2024-12-16,13,21,Marketplace,1,5074.06,364.63,Norte
604,2024-05-12,20,10,Site,2,6921.53,2942.76,Centro-Oeste
605,2024-12-23,7,5,App,3,1145.07,166.71,Norte
606,2024-09-15,2,36,Site,2,7822.96,5533.17,Centro-Oeste
607,2024-01-23,6,6,App,5,4702.77,5858.43,Nordeste
608,2024-02-22,7,26,Site,1,7964.25,1395.91,Sudeste
609,2024-06-13,14,4,Site,4,7300.97,1311.99,Nordeste
610,2024-07-20,18,39,Marketplace,1,1849.99,4542.02,Sudeste
611,2024-03-23,15,39,Site,4,543.68,1580.01,Sul
612,2024-05-24,2,50,App,5,2119.55,5378.85,Centro-Oeste
613,2024-03-25,10,35,Site,5,4267.75,3477.66,Sul
614,2024-03-18,12,1,Site,1,1455.61,2156.6,Sul
615,2024-12-31,17,24,Site,4,1422.93,5009.55,Sudeste
616,2024-01-01,8,36,Site,5,3754.49,3000.97,Nordeste
617,2024-02-20,11,6,Marketplace,2,362.82,5476.87,Norte
618,2024-06-21,3,41,Site,2,1062.92,5573.84,Sudeste
619,2024-07-23,6,46,Marketplace,4,3385.3,1059.29,Norte
620,2024-09-16,9,44,App,1,598.73,93.75,Sul
621,2024-10-14,6,31,App,5,3234.36,5904.87,Norte
622,2024-02-03,9,20,App,1,3844.65,5444.33,Nordeste
623,2024-12-13,7,24,App,2,3665.01,408.24,Sudeste
624,2024-04-04,9,25,Marketplace,5,6966.48,5011.56,Nordeste
625,2024-03-12,18,36,Site,1,4287.49,2790.21,Nordeste
626,2024-02-08,12,21,Site,3,3797.05,1613.05,Sudeste
627,2024-06-02,8,30,Marketplace,4,3344.6,5282.18,Nordeste
628,2024-09-06,8,24,Marketplace,4,6559.22,1244.27,Centro-Oeste
629,2024-06-10,18,44,Marketplace,3,7170.95,5688.02,Centro-Oeste
630,2024-04-27,20,42,App,2,6840.62,1297.28,Centro-Oeste
631,2024-09-15,15,30,Marketplace,5,5421.02,3713.0,Norte
632,2024-11-01,7,22,App,4,1185.16,1400.67,Nordeste
633,2024-09-24,11,28,App,3,2287.27,3310.36,Sudeste
634,2024-02-23,20,7,Site,3,463.9,4129.13,Sudeste
635,2024-08-23,16,35,App,2,7453.51,1206.15,Norte
636,2024-08-09,4,28,Site,2,5320.31,3163.64,Sudeste
637,2024-09-07,6,14,Site,1,5996.27,2856.83,Centro-Oeste
638,2024-11-08,3,10,Marketplace,4,2561.42,500.54,Nordeste
639,2024-04-21,9,16,Site,1,6780.66,4924.38,Sudeste
640,2024-09-11,10,16,Site,3,2150.87,2067.24,Sudeste
641,2024-10-29,14,31,Site,5,112.99,3481.53,Sul
642,2024-07-25,11,42,Marketplace,5,3073.68,3127.52,Sul
643,2024-08-16,18,25,App,2,4609.02,3118.5,Sul
644,2024-12-06,12,13,App,5,3881.77,714.76,Nordeste
645,2024-03-06,12,6,Marketplace,5,6910.4,2587.01,Centro-Oeste
646,2024-03-15,13,44,Marketplace,5,932.7,2758.01,Centro-Oeste
647,2024-04-12,13,9,Site,3,4475.21,4423.17,Centro-Oeste
648,2024-07-10,19,45,App,5,4152.54,5052.91,Nordeste
649,2024-09-08,19,36,Marketplace,5,2323.0,3306.3,Nordeste
650,2024-08-13,14,43,App,5,6595.6,593.76,Sul
651,2024-10-20,4,20,Site,1,6047.5,1482.15,Sudeste
652,2024-11-01,13,18,Marketplace,3,5889.59,1056.41,Norte
653,2024-04-07,8,43,App,2,7021.92,817.72,Norte
654,2024-12-03,19,21,Site,1,5810.0,2246.12,Sudeste
655,2024-10-12,12,4,App,4,1931.55,1438.01,Sul
656,2024-11-30,18,50,Site,3,5673.95,1372.35,Sudeste
657,2024-12-12,6,33,Site,3,2530.85,403.78,Sudeste
658,2024-11-03,18,27,Marketplace,4,2013.18,184.61,Norte
659,2024-09-05,19,7,Site,4,676.73,688.39,Sul
660,2024-06-14,5,6,App,4,5977.83,1099.41,Nordeste
661,2024-11-30,9,15,App,2,5716.91,2631.42,Norte
662,2024-01-30,3,18,Site,5,1952.55,3102.28,Nordeste
663,2024-09-03,10,32,Marketplace,3,6020.09,912.3,Sul
664,2024-04-15,19,11,Site,5,7350.94,2594.72,Sudeste
665,2024-02-20,3,20,Site,5,953.43,2103.15,Centro-Oeste
666,2024-03-21,15,24,Site,4,1937.83,1165.87,Centro-Oeste
667,2024-05-12,1,15,Site,2,6027.06,120.5,Sul
668,2024-10-11,7,48,Site,1,2268.6,2844.75,Centro-Oeste
669,2024-05-17,12,7,Marketplace,2,5034.85,4139.06,Nordeste
670,2024-07-02,17,21,Marketplace,5,741.2,1419.56,Centro-Oeste
671,2024-11-25,20,42,Site,2,3672.4,860.3,Sul
672,2024-09-29,5,26,App,4,5938.82,5331.29,Sul
673,2024-12-05,4,44,Marketplace,1,5523.46,1708.15,Nordeste
674,2024-03-09,12,14,Marketplace,4,6539.07,1403.79,Centro-Oeste
675,2024-02-03,20,37,App,1,7031.87,5154.01,Centro-Oeste
676,2024-09-18,18,21,Site,5,6208.15,4917.27,Sudeste
677,2024-02-22,17,18,Site,1,5405.54,2734.21,Norte
678,2024-07-23,19,5,Marketplace,1,350.61,2976.29,Sul
679,2024-05-05,9,3,Marketplace,1,4326.24,1369.07,Sudeste
680,2024-08-22,4,23,Site,2,397.81,543.55,Sul
681,2024-02-12,2,26,Site,2,6483.74,3474.72,Sudeste
682,2024-08-27,4,37,Marketplace,5,2633.72,662.2,Norte
683,2024-04-20,2,24,Marketplace,1,4543.19,2739.71,Sudeste
684,2024-09-05,15,49,Marketplace,3,2307.62,5647.74,Sul
685,2024-05-30,2,19,Marketplace,5,6281.75,5720.78,Centro-Oeste
686,2024-07-01,4,25,Site,1,7103.37,1496.85,Sul
687,2024-12-01,6,21,App,1,3249.28,3774.75,Nordeste
688,2024-04-04,7,12,App,2,6917.09,2886.53,Nordeste
689,2024-01-08,10,41,Site,5,2209.89,5264.06,Nordeste
690,2024-12-25,19,33,App,1,4323.82,1686.87,Nordeste
691,2024-07-02,19,50,Marketplace,1,6884.22,101.92,Norte
692,2024-10-07,12,4,Site,5,2674.46,1042.36,Centro-Oeste
693,2024-07-13,3,42,Marketplace,3,7636.93,2149.17,Centro-Oeste
694,2024-12-17,13,7,App,5,1062.85,1949.07,Sul
695,2024-07-13,18,22,Marketplace,5,244.37,4764.87,Sudeste
696,2024-06-03,8,33,Site,3,7242.67,4108.92,Sul
697,2024-04-02,15,17,Site,5,642.32,1853.37,Sul
698,2024-06-08,1,24,App,1,7935.92,2789.84,Sul
699,2024-03-01,3,34,Site,5,7616.04,645.71,Sul
700,2024-05-01,8,28,Marketplace,3,1182.47,5397.03,Centro-Oeste
701,2024-02-20,4,43,Marketplace,4,4346.92,5617.71,Sudeste
702,2024-10-03,16,41,Site,5,1560.87,5880.44,Sul
703,2024-01-05,10,39,App,2,3482.43,5221.83,Centro-Oeste
704,2024-04-01,12,22,App,1,585.26,1109.85,Sul
705,2024-06-18,14,49,Site,1,1869.0,353.48,Nordeste
706,2024-11-12,14,17,Marketplace,2,2969.86,3511.21,Sul
707,2024-01-22,2,34,Marketplace,2,3565.32,5482.62,Sul
708,2024-11-21,5,6,App,5,7822.22,1129.92,Norte
709,2024-01-01,5,46,Marketplace,2,6482.14,121.69,Nordeste
710,2024-05-12,6,6,App,4,5925.54,4848.54,Sudeste
711,2024-08-20,13,34,Marketplace,3,4342.63,534.63,Sul
712,2024-01-12,9,1,App,2,6735.98,2529.14,Sudeste
713,2024-12-11,15,10,Marketplace,2,2780.65,4099.01,Nordeste
714,2024-02-15,14,21,Marketplace,4,5700.3,1481.84,Sul
715,2024-02-03,7,5,Site,1,7950.89,577.06,Norte
716,2024-03-18,20,2,Marketplace,1,2585.57,4638.53,Centro-Oeste
717,2024-08-05,2,22,Site,5,5424.74,3810.64,Norte
718,2024-10-27,7,48,Site,4,6770.09,5931.86,Norte
719,2024-03-13,6,2,Site,3,7334.88,2118.3,Centro-Oeste
720,2024-10-08,17,10,Marketplace,3,5771.67,445.63,Centro-Oeste
721,2024-09-05,2,34,Marketplace,4,2340.5,4427.35,Centro-Oeste
722,2024-02-16,3,16,Marketplace,3,2677.63,3168.66,Sul
723,2024-04-30,5,48,Marketplace,1,263.99,1342.17,Sudeste
724,2024-08-01,5,39,App,3,6111.0,4707.84,Sudeste
725,2024-08-26,1,22,Marketplace,3,437.64,1286.23,Centro-Oeste
726,2024-02-25,8,12,App,4,6930.75,1623.12,Norte
727,2024-12-15,12,24,Site,4,1037.42,627.77,Nordeste
728,2024-04-16,4,47,Site,3,1457.82,2444.64,Centro-Oeste
729,2024-11-14,13,40,Marketplace,2,3864.56,2560.06,Norte
730,2024-02-17,15,38,Marketplace,4,5929.26,3126.21,Norte
731,2024-03-01,11,10,Site,5,1198.12,4277.07,Sul
732,2024-12-02,10,35,Site,5,3576.56,5444.12,Sul
733,2024-01-26,3,49,Marketplace,1,3914.53,895.39,Sudeste
734,2024-10-18,14,32,Site,3,1777.06,401.74,Sudeste
735,2024-09-13,16,7,Marketplace,2,1012.91,189.7,Nordeste
736,2024-01-08,10,21,Marketplace,1,6707.73,930.24,Nordeste
737,2024-04-22,10,20,App,3,4069.48,3975.06,Nordeste
738,2024-12-20,12,26,Site,4,213.61,4386.66,Nordeste
739,2024-09-09,9,4,Marketplace,5,6443.55,4736.11,Norte
740,2024-06-28,1,46,Marketplace,2,7848.27,1522.75,Norte
741,2024-07-25,5,22,App,5,4886.82,1890.9,Sudeste
742,2024-10-29,20,15,Marketplace,4,4079.3,2940.16,Sul
743,2024-05-06,8,40,Site,3,7039.49,454.04,Sul
744,2024-02-25,11,21,App,4,7624.88,3697.96,Centro-Oeste
745,2024-08-01,12,15,Marketplace,4,6060.84,5903.71,Norte
746,2024-01-14,1,22,Marketplace,5,3619.08,2215.97,Nordeste
747,2024-01-28,20,28,Site,2,4778.55,4536.86,Nordeste
748,2024-03-18,11,14,Marketplace,4,5637.39,3040.2,Centro-Oeste
749,2024-08-03,5,27,App,5,1634.76,836.65,Sul
750,2024-12-30,15,41,Site,2,3632.89,3526.85,Nordeste
751,2024-06-02,5,40,Site,3,6655.59,1855.26,Sul
752,2024-01-14,12,28,Marketplace,3,5272.33,283.67,Centro-Oeste
753,2024-07-05,5,26,Site,1,3348.51,3838.78,Sul
754,2024-11-07,17,49,Site,5,5340.56,5164.88,Sul
755,2024-01-07,17,2,Site,2,1033.96,2121.04,Sul
756,2024-01-03,12,25,Marketplace,4,3271.83,2390.55,Nordeste
757,2024-04-20,15,3,App,3,6365.72,5354.85,Sudeste
758,2024-08-25,15,8,Marketplace,2,1842.02,4896.56,Norte
759,2024-12-28,6,44,Site,5,1569.1,4312.52,Sul
760,2024-08-26,12,33,App,1,7611.47,1552.88,Sul
761,2024-09-30,20,42,App,3,1758.19,5468.48,Sul
762,2024-10-20,18,35,Marketplace,2,2161.26,994.14,Sudeste
763,2024-08-14,14,6,Marketplace,2,7759.97,3790.48,Centro-Oeste
764,2024-01-15,2,39,Site,2,5904.2,250.5,Nordeste
765,2024-07-10,9,23,App,5,5626.81,3890.82,Sudeste
766,2024-04-28,5,25,Site,5,6838.12,1720.69,Sul
767,2024-01-28,20,50,App,5,1015.0,2742.09,Sudeste
768,2024-07-20,1,43,Site,4,5677.05,2123.97,Sudeste
769,2024-02-08,3,19,Site,2,4079.14,1102.72,Sudeste
770,2024-09-29,6,5,Site,3,6650.29,3762.13,Centro-Oeste
771,2024-08-18,5,11,App,5,4114.32,5301.3,Norte
772,2024-03-26,5,12,Site,5,4999.91,5757.78,Nordeste
773,2024-05-05,1,10,Marketplace,2,3874.16,1218.69,Centro-Oeste
774,2024-10-26,17,8,App,5,3877.46,4326.85,Centro-Oeste
775,2024-01-25,19,24,Site,4,6166.96,4012.89,Norte
776,2024-05-24,14,28,Marketplace,4,5065.67,2112.8,Centro-Oeste
777,2024-01-13,12,41,Site,5,5102.78,193.07,Sudeste
778,2024-07-30,10,36,App,2,3657.23,4163.56,Sudeste
779,2024-01-25,20,37,App,2,4295.77,5677.33,Sul
780,2024-03-08,18,21,Site,2,5991.17,3822.15,Centro-Oeste
781,2024-03-07,11,8,Site,1,6624.93,2656.93,Sul
782,2024-08-20,2,9,Site,5,5602.84,3188.91,Nordeste
783,2024-04-18,18,47,Marketplace,2,7400.18,1261.8,Sudeste
784,2024-05-25,7,15,App,4,6580.56,4523.22,Nordeste
785,2024-04-20,15,48,App,3,4538.72,4498.81,Norte
786,2024-08-15,11,46,App,3,5404.11,941.46,Sudeste
787,2024-04-20,18,40,Site,2,7417.84,5277.63,Nordeste
788,2024-02-03,12,18,App,3,4991.43,1673.6,Norte
789,2024-04-20,6,42,Marketplace,3,6615.97,5894.96,Nordeste
790,2024-09-20,20,20,Site,1,5541.6,2346.79,Norte
791,2024-08-23,13,6,Site,4,4460.3,1133.07,Norte
792,2024-03-23,20,12,Site,4,2010.52,2162.18,Sudeste
793,2024-02-11,16,2,App,1,3465.38,2685.87,Sul
794,2024-04-10,18,7,Marketplace,1,7745.17,490.3,Norte
795,2024-01-06,10,16,Site,3,5296.35,3503.05,Norte
796,2024-06-28,8,3,App,5,4558.72,3617.98,Sudeste
797,2024-10-08,18,45,Site,3,7470.36,4454.47,Sul
798,2024-11-15,1,3,Marketplace,1,4733.44,252.69,Centro-Oeste
799,2024-08-13,8,27,Site,4,4256.05,3284.13,Centro-Oeste
800,2024-11-10,6,50,App,3,6098.56,393.21,Sul
801,2024-12-30,5,43,Marketplace,5,5730.06,4230.77,Nordeste
802,2024-08-16,15,40,Marketplace,3,1625.96,409.91,Sudeste
803,2024-10-15,15,38,App,2,3823.34,5477.43,Sul
804,2024-05-29,2,33,Site,3,3832.87,4236.33,Centro-Oeste
805,2024-10-03,1,28,Site,1,3087.97,3083.75,Norte
806,2024-07-16,11,1,Site,4,4186.62,2693.7,Centro-Oeste
807,2024-03-10,10,8,Site,4,3363.55,853.58,Norte
808,2024-04-21,18,37,App,1,1674.83,1802.72,Sudeste
809,2024-01-04,18,32,Site,2,3357.7,5224.24,Norte
810,2024-12-15,17,48,Site,1,670.99,5434.36,Sul
811,2024-11-26,8,43,App,3,4648.71,84.43,Norte
812,2024-11-13,15,37,Marketplace,1,6843.87,3597.29,Nordeste
813,2024-12-15,8,4,App,1,5829.77,4338.26,Sul
814,2024-04-04,17,30,Site,2,2947.11,3742.98,Sudeste
815,2024-05-31,12,6,Site,3,787.86,563.54,Sul
816,2024-11-06,8,46,Marketplace,5,1696.98,1368.93,Nordeste
817,2024-05-16,14,19,Site,5,4409.37,1562.01,Sudeste
818,2024-09-03,4,32,Site,4,1735.75,5003.81,Centro-Oeste
819,2024-08-30,1,9,App,1,4397.39,2822.14,Nordeste
820,2024-01-31,1,12,App,4,1929.63,2962.02,Sudeste
821,2024-02-09,19,11,App,2,6806.5,5614.57,Norte
822,2024-08-16,16,46,Site,5,3238.44,3851.55,Sul
823,2024-02-05,14,16,Site,1,2039.85,5400.11,Sudeste
824,2024-08-10,16,1,Marketplace,2,6517.38,2782.53,Sul
825,2024-01-06,5,45,Site,2,2808.43,964.66,Norte
826,2024-11-17,9,21,App,1,980.75,5585.22,Sudeste
827,2024-08-07,2,30,Marketplace,2,4606.23,2795.53,Centro-Oeste
828,2024-03-15,18,13,App,1,4694.36,1155.26,Nordeste
829,2024-01-04,6,34,Site,1,5746.1,1870.18,Sudeste
830,2024-11-30,9,4,Site,3,1997.73,380.75,Norte
831,2024-05-13,1,28,App,4,3605.79,2852.34,Sudeste
832,2024-04-27,9,38,Marketplace,2,2330.71,5130.52,Sul
833,2024-04-03,16,31,Marketplace,2,739.53,5606.8,Sudeste
834,2024-03-02,13,27,Site,3,7025.25,5601.01,Centro-Oeste
835,2024-07-12,9,5,Site,3,5858.07,821.36,Sudeste
836,2024-11-30,13,25,Marketplace,3,2481.56,2341.76,Nordeste
837,2024-07-21,9,3,Marketplace,5,4835.05,247.11,Sudeste
838,2024-01-26,11,33,Marketplace,5,1689.98,5142.58,Sul
839,2024-06-21,4,4,Site,5,7132.87,2203.83,Sudeste
840,2024-10-26,2,25,App,1,1007.76,3816.21,Centro-Oeste
841,2024-05-12,6,20,Marketplace,2,130.31,4312.2,Norte
842,2024-11-21,14,34,App,4,4065.86,2624.68,Sudeste
843,2024-04-27,4,26,App,1,4706.71,1894.14,Sudeste
844,2024-11-19,6,5,Site,2,4673.83,5776.3,Nordeste
845,2024-10-01,19,35,App,2,530.64,5789.77,Centro-Oeste
846,2024-07-30,6,28,Site,3,2580.95,1793.46,Norte
847,2024-08-12,2,29,App,3,4043.67,2919.38,Sul
848,2024-01-20,18,9,Marketplace,1,1810.98,5839.24,Sudeste
849,2024-04-22,13,38,Site,3,6993.74,108.82,Norte
850,2024-05-19,9,50,Marketplace,2,788.16,2523.06,Sul
851,2024-02-16,19,6,Site,3,3950.34,674.71,Centro-Oeste
852,2024-01-01,13,19,App,5,5562.19,3094.22,Centro-Oeste
853,2024-03-30,11,44,Marketplace,3,2167.83,226.05,Norte
854,2024-05-21,1,11,Site,2,5031.5,2488.84,Sul
855,2024-11-15,7,2,Site,1,6652.14,1386.54,Centro-Oeste
856,2024-02-07,15,47,App,4,1603.66,3237.19,Norte
857,2024-10-19,1,44,Site,3,7346.04,5976.28,Centro-Oeste
858,2024-05-18,12,44,Marketplace,2,4473.11,4819.17,Centro-Oeste
859,2024-12-21,7,9,Marketplace,4,2463.93,5086.2,Centro-Oeste
860,2024-11-28,15,21,App,4,3503.78,3840.77,Nordeste
861,2024-09-15,19,24,Site,5,2566.32,326.03,Sul
862,2024-06-09,1,34,App,4,5828.38,1304.24,Norte
863,2024-06-26,17,22,Marketplace,2,6390.78,5556.38,Norte
864,2024-01-10,17,3,Site,2,6680.21,2247.39,Sul
865,2024-09-17,3,12,App,3,7887.57,693.53,Sul
866,2024-05-17,12,28,App,3,6351.15,4238.24,Sul
867,2024-06-20,6,30,App,3,4850.93,1852.79,Sul
868,2024-01-13,11,26,Site,4,2779.84,1671.63,Sudeste
869,2024-06-16,3,48,Marketplace,4,4402.3,5988.03,Norte
870,2024-05-09,8,21,Site,5,424.44,5160.18,Sudeste
871,2024-03-24,14,28,Site,3,5984.12,2494.99,Centro-Oeste
872,2024-11-16,14,26,Marketplace,1,3623.05,5883.15,Centro-Oeste
873,2024-11-14,10,33,Marketplace,5,258.18,3928.67,Norte
874,2024-04-10,2,21,Site,1,593.8,4472.77,Centro-Oeste
875,2024-11-24,14,35,Site,4,3160.99,266.56,Sul
876,2024-09-29,9,34,Site,5,4709.03,799.9,Sudeste
877,2024-09-21,3,41,Site,5,3767.21,3827.86,Sul
878,2024-02-07,8,47,Site,2,4991.71,5402.22,Centro-Oeste
879,2024-04-03,16,18,Site,4,3894.32,3772.56,Sudeste
880,2024-04-04,2,11,App,4,5327.46,873.43,Sul
881,2024-10-31,6,23,Marketplace,5,1831.1,765.3,Norte
882,2024-03-09,12,48,App,4,991.46,5077.58,Sul
883,2024-11-13,5,22,App,5,4811.83,904.67,Centro-Oeste
884,2024-08-23,2,17,Site,2,3929.05,3159.77,Sudeste
885,2024-11-29,16,5,Marketplace,5,312.25,299.71,Norte
886,2024-05-16,5,44,Marketplace,4,3105.81,557.57,Sudeste
887,2024-03-16,15,11,Marketplace,4,938.39,4060.3,Norte
888,2024-02-04,12,30,Marketplace,5,4297.72,4159.95,Sudeste
889,2024-01-01,4,15,Marketplace,5,3226.64,2101.5,Centro-Oeste
890,2024-10-22,15,27,App,5,4943.9,1356.41,Norte
891,2024-11-15,11,35,Site,3,6464.26,4897.16,Nordeste
892,2024-02-29,16,33,App,4,2467.38,1365.25,Sudeste
893,2024-11-15,6,20,Marketplace,4,7700.61,3288.8,Sudeste
894,2024-12-14,14,16,Marketplace,3,4331.51,5811.8,Sul
895,2024-11-23,18,34,App,5,4984.5,955.29,Norte
896,2024-09-23,12,2,Site,2,5477.31,5649.99,Nordeste
897,2024-12-26,11,35,Site,5,5367.18,1162.73,Centro-Oeste
898,2024-08-16,13,40,Marketplace,5,4136.67,3439.26,Sul
899,2024-09-26,11,28,App,3,3487.24,2311.89,Nordeste
900,2024-11-11,16,47,App,4,524.88,5792.38,Norte
901,2024-10-12,15,39,Site,5,274.48,1699.37,Nordeste
902,2024-10-17,15,6,Site,4,2927.89,2445.98,Sudeste
903,2024-07-31,4,9,Marketplace,1,2735.92,5898.53,Sudeste
904,2024-06-13,11,20,App,4,3162.79,3255.9,Sul
905,2024-01-05,19,1,Marketplace,2,1193.11,3055.57,Norte
906,2024-12-04,15,8,App,2,5931.53,1606.05,Norte
907,2024-03-18,4,23,App,5,6870.02,4232.07,Nordeste
908,2024-03-02,13,3,Site,4,7515.85,165.09,Sul
909,2024-05-11,19,4,Marketplace,5,3989.66,373.11,Norte
910,2024-03-29,2,25,App,3,5636.84,3628.2,Sudeste
911,2024-08-24,14,47,App,2,6858.85,2102.71,Nordeste
912,2024-02-11,4,38,App,5,3404.5,5723.63,Centro-Oeste
913,2024-03-29,16,15,Marketplace,3,2544.36,5426.89,Sudeste
914,2024-10-22,20,21,Site,5,7500.12,4305.14,Sul
915,2024-11-23,14,35,Marketplace,4,4173.84,4923.42,Norte
916,2024-10-21,15,46,Site,4,4028.31,4030.6,Sudeste
917,2024-04-13,3,14,App,4,1509.49,823.45,Centro-Oeste
918,2024-01-14,8,36,Site,4,954.42,4612.02,Centro-Oeste
919,2024-10-14,16,12,Site,1,6752.64,1324.34,Sul
920,2024-06-27,10,17,App,3,4951.65,1994.78,Sudeste
921,2024-05-04,4,39,Site,3,2674.01,4929.87,Nordeste
922,2024-12-18,18,9,App,4,1614.72,3256.23,Sudeste
923,2024-01-23,2,35,Marketplace,1,4488.43,5170.85,Centro-Oeste
924,2024-03-03,17,13,Site,4,4712.96,1341.17,Sul
925,2024-05-22,13,15,Marketplace,1,1735.25,3678.05,Sul
926,2024-06-01,4,18,App,4,6826.11,576.04,Nordeste
927,2024-05-24,11,33,App,2,765.69,3886.92,Sul
928,2024-08-12,7,6,Site,2,2913.14,4594.2,Sul
929,2024-11-04,12,27,Site,5,5475.04,3542.79,Sul
930,2024-04-13,10,23,Site,4,2265.55,1656.09,Sul
931,2024-04-13,7,27,Site,3,6638.63,265.55,Sul
932,2024-02-08,13,34,Site,5,5944.96,787.14,Centro-Oeste
933,2024-07-16,7,46,App,2,6333.28,3764.03,Sudeste
934,2024-05-13,17,38,Marketplace,4,1040.94,5611.77,Norte
935,2024-03-07,10,14,Marketplace,5,1210.32,1302.68,Sul
936,2024-06-27,10,36,App,4,2363.14,4431.35,Norte
937,2024-02-11,4,8,Site,2,4192.81,5209.39,Norte
938,2024-01-15,20,35,Site,5,6009.33,3163.62,Centro-Oeste
939,2024-04-20,4,19,Site,2,6708.59,4042.05,Sul
940,2024-06-05,7,30,Site,1,5664.25,4904.89,Norte
941,2024-10-15,1,14,App,2,7435.92,1623.2,Sul
942,2024-08-18,12,20,App,4,5936.07,1837.62,Nordeste
943,2024-06-05,13,49,Site,3,2519.52,83.71,Nordeste
944,2024-02-07,10,25,Site,2,2194.14,5781.52,Nordeste
945,2024-04-06,15,40,Marketplace,3,5599.92,5511.87,Norte
946,2024-10-15,13,24,Marketplace,1,1623.68,4606.24,Nordeste
947,2024-09-10,9,14,Site,5,832.45,548.13,Centro-Oeste
948,2024-07-14,9,26,Marketplace,5,4304.56,2729.22,Centro-Oeste
949,2024-03-26,15,38,Marketplace,3,6590.97,683.2,Norte
950,2024-11-17,10,23,Site,5,900.9,174.25,Sul
951,2024-01-10,10,22,Site,2,6355.94,3727.8,Sudeste
952,2024-01-05,8,48,App,3,6511.42,5768.11,Sul
953,2024-05-02,16,19,Marketplace,4,3909.96,5424.98,Sul
954,2024-11-25,17,46,Marketplace,2,552.75,4204.79,Sul
955,2024-12-18,5,3,Site,2,1479.26,652.11,Sul
956,2024-04-27,4,42,Site,2,5688.67,1703.05,Sudeste
957,2024-10-20,18,19,App,4,5723.05,1974.74,Nordeste
958,2024-06-07,19,9,App,1,7197.01,4597.85,Sul
959,2024-10-29,4,28,Site,5,4703.22,4829.32,Centro-Oeste
960,2024-08-15,7,20,Marketplace,3,1080.45,2359.83,Norte
961,2024-12-30,10,45,App,1,1059.18,2553.87,Norte
962,2024-08-03,18,7,Marketplace,3,5796.95,343.49,Centro-Oeste
963,2024-07-02,19,14,Marketplace,5,1551.9,1791.69,Sul
964,2024-01-15,4,9,Marketplace,4,2694.25,2751.61,Sudeste
965,2024-06-05,10,19,App,2,3948.97,772.54,Nordeste
966,2024-05-15,1,47,App,2,295.64,2763.34,Norte
967,2024-09-17,18,14,Site,4,2065.67,5130.8,Nordeste
968,2024-06-05,5,38,App,1,3322.33,3521.42,Sudeste
969,2024-02-16,15,36,Site,1,2309.13,547.26,Norte
970,2024-11-19,17,40,App,3,1177.33,1214.69,Nordeste
971,2024-11-27,3,17,Site,4,5851.3,2889.3,Sudeste
972,2024-06-21,12,30,Site,1,6523.87,2220.0,Nordeste
973,2024-05-09,2,9,Site,4,2134.08,2203.66,Sul
974,2024-04-04,1,33,Site,5,6217.91,3213.26,Sudeste
975,2024-04-24,17,25,Marketplace,2,3145.87,3539.62,Nordeste
976,2024-08-30,16,14,Marketplace,2,4102.82,4797.42,Sul
977,2024-10-18,5,11,App,2,6862.41,2098.52,Sul
978,2024-10-08,15,35,Site,4,6024.63,4848.36,Sudeste
979,2024-10-25,3,41,Site,4,6460.42,2084.58,Centro-Oeste
980,2024-10-09,7,14,Site,3,1181.08,408.16,Norte
981,2024-03-09,11,30,Site,2,650.78,3360.79,Sudeste
982,2024-05-27,10,41,Marketplace,3,7157.9,3560.38,Sul
983,2024-01-11,9,4,Site,2,3163.89,5612.48,Sul
984,2024-09-10,14,4,Site,3,2374.25,4378.28,Sudeste
985,2024-11-25,13,28,Site,3,5825.1,5513.21,Centro-Oeste
986,2024-12-25,2,8,Site,5,6707.68,5457.42,Norte
987,2024-02-07,3,2,App,3,6913.67,3659.08,Nordeste
988,2024-05-13,7,41,App,4,2596.38,3204.35,Sudeste
989,2024-07-18,18,46,Site,3,6832.48,3380.05,Norte
990,2024-01-23,3,22,Site,2,423.38,5871.72,Norte
991,2024-10-29,10,41,Site,3,492.33,4657.15,Sul
992,2024-12-11,7,16,Site,1,5025.8,709.09,Nordeste
993,2024-10-28,9,29,Site,2,598.54,4688.3,Sudeste
994,2024-12-28,17,49,Marketplace,1,2664.41,1089.59,Sul
995,2024-08-05,11,48,App,2,5414.77,2728.32,Sul
996,2024-05-20,7,30,App,4,2764.41,1325.92,Centro-Oeste
997,2024-04-13,14,12,App,4,1518.84,4162.33,Norte
998,2024-07-28,19,35,App,4,2322.67,5273.67,Sudeste
999,2024-04-20,4,11,App,1,3714.85,1798.94,Sudeste
1000,2024-04-13,6,46,App,5,3855.55,565.5,Sudeste
